INSERT INTO directions (id, name, number, url, imageurl) VALUES
(1, 'Прикладная математика и информатика', '01.03.02', 'https://samgtu.ru/speciality/bakalavriat-prikladnaya-matematika-i-informatika?f=iait', '/01.03.02.jpg'),
(2, 'Информатика и вычислительная техника', '09.03.01', 'https://samgtu.ru/specialization/bachelors-avtomatizirovannye-sistemy-obrabotki-informacii-i-upravleniya?f=iait', '/09.03.01.jpg'),
(3, 'Информационные системы и технологии', '09.03.02', 'https://samgtu.ru/specialization/information-systems-and-technologies-bachelor-degree?f=iait', '/09.03.02.webp'),
(4, 'Прикладная информатика', '09.03.03', 'https://samgtu.ru/speciality/bakalavriat-prikladnaya-informatika?f=iait', '/09.03.01.jpg'),
(5, 'Программная инженерия', '09.03.04', 'https://samgtu.ru/specialization/bachelors-programmnaya-inzheneriya?f=iait', '/09.03.01.jpg'),
(6, 'Информационная безопасность', '10.03.01', 'https://samgtu.ru/speciality/bakalavriat-informatsionnaya-bezopasnost?f=iait', '/09.03.01.jpg'),
(7, 'Радиотехника', '11.03.01', 'https://samgtu.ru/specialization/bachelors-radioelektronnye-sredstva-v-sistemah-bezopasnosti?f=iait', '/09.03.01.jpg'),
(8, 'Приборостроение', '12.03.01', 'https://samgtu.ru/specialization/bachelors-informacionno-izmeritelnaya-tehnika-i-tehnologii?f=iait', '/09.03.01.jpg'),
(9, 'Автоматизация технологических процессов и производств', '15.03.04', 'https://samgtu.ru/specialization/bakalavriat-automation-technological-processes-and-production?f=iait', '/09.03.01.jpg'),
(10, 'Системный анализ и управление', '27.03.03', 'https://samgtu.ru/speciality/bakalavriat-sistemnii-analiz-i-upravlenie?f=iait', '/09.03.01.jpg'),
(11, 'Управление в технических системах', '27.03.04', 'https://samgtu.ru/speciality/bakalavriat-upravlenie-v-tehnicheskih-sistemah?f=iait', '/09.03.01.jpg');

INSERT INTO questions (id, question_text) VALUES
(1, 'Какой школьный предмет или область знаний давались тебе легче всего и были наиболее интересны?'),
(2, 'Какой проект ты бы хотел реализовать в идеальном случае?'),
(3, 'Как ты предпочитаешь работать?'),
(4, 'Что для тебя важнее в будущей профессии?'),
(5, 'Какой формат работы тебе ближе?'),
(6, 'Что тебе интереснее изучать?'),
(7, 'Какую роль в проекте ты бы выбрал?'),
(8, 'Твоя реакция на незнакомую сложную задачу?'),
(9, 'Какой вид деятельности тебя привлекает больше?'),
(10, 'Что тебе больше нравится в математике?'),
(11, 'Кем ты видишь себя через 5 лет после выпуска?'),
(12, 'Что тебе интереснее в контексте искусственного интеллекта?'),
(13, 'Что тебе больше нравится в команде?'),
(14, 'Какой тип софта тебе интереснее разрабатывать?'),
(15, 'Что для тебя важнее в работе?');

-- Question 1 Answers
INSERT INTO answers (id, answer_text, question_id) VALUES
(1, 'Программирование и информатика, решение задач через код, понимание логики компьютера', 1),
(2, 'Математика (алгебра, матан) и физика, люблю работать с формулами, абстрактными моделями', 1),
(3, 'Физика (особенно электричество и схемотехника), мне нравится собирать устройства и понимать, как они работают', 1);

INSERT INTO answer_scores (score, answer_id, direction_id) VALUES
(1, 1, 1), (2, 1, 2), (2, 1, 5), (2, 1, 4), (1, 1, 3), (1, 1, 6), (0, 1, 7), (0, 1, 8), (0, 1, 9), (0, 1, 10), (0, 1, 11),
(2, 2, 1), (1, 2, 2), (1, 2, 5), (1, 2, 4), (0, 2, 3), (0, 2, 6), (1, 2, 7), (1, 2, 8), (1, 2, 9), (2, 2, 10), (1, 2, 11),
(0, 3, 1), (0, 3, 2), (0, 3, 5), (0, 3, 4), (1, 3, 3), (0, 3, 6), (2, 3, 7), (2, 3, 8), (2, 3, 9), (1, 3, 10), (1, 3, 11);

-- Question 2 Answers
INSERT INTO answers (id, answer_text, question_id) VALUES
(4, 'Разработать мобильное приложение или веб-сервис (например, новый мессенджер или социальную сеть)', 2),
(5, 'Создать алгоритм для предсказания биржевых котировок или анализа больших данных', 2),
(6, 'Разработать систему шифрования, которая сможет защитить данные от любых атак', 2),
(7, 'Спроектировать и собрать собственный дрон, робота или систему «умного дома»', 2);

INSERT INTO answer_scores (score, answer_id, direction_id) VALUES
(0, 4, 1), (2, 4, 2), (2, 4, 5), (2, 4, 4), (1, 4, 3), (1, 4, 6), (0, 4, 7), (0, 4, 8), (0, 4, 9), (0, 4, 10), (0, 4, 11),
(2, 5, 1), (1, 5, 2), (1, 5, 5), (1, 5, 4), (0, 5, 3), (0, 5, 6), (0, 5, 7), (0, 5, 8), (0, 5, 9), (1, 5, 10), (0, 5, 11),
(1, 6, 1), (1, 6, 2), (0, 6, 5), (0, 6, 4), (2, 6, 3), (2, 6, 6), (0, 6, 7), (0, 6, 8), (0, 6, 9), (0, 6, 10), (0, 6, 11),
(0, 7, 1), (0, 7, 2), (0, 7, 5), (0, 7, 4), (0, 7, 3), (0, 7, 6), (2, 7, 7), (2, 7, 8), (2, 7, 9), (2, 7, 10), (2, 7, 11);

-- Question 3 Answers
INSERT INTO answers (id, answer_text, question_id) VALUES
(8, 'Самостоятельно, углубляясь в код, алгоритмы или математическую задачу', 3),
(9, 'В команде, где я отвечаю за свою часть большого и сложного проекта (например, за backend, интерфейс или модуль безопасности)', 3),
(10, 'Практически, «паяя» и собирая устройства руками, тестируя их в реальных условиях', 3);

INSERT INTO answer_scores (score, answer_id, direction_id) VALUES
(2, 8, 1), (1, 8, 2), (1, 8, 5), (1, 8, 4), (1, 8, 3), (1, 8, 6), (0, 8, 7), (0, 8, 8), (0, 8, 9), (0, 8, 10), (0, 8, 11),
(0, 9, 1), (1, 9, 2), (2, 9, 5), (2, 9, 4), (1, 9, 3), (1, 9, 6), (1, 9, 7), (1, 9, 8), (1, 9, 9), (1, 9, 10), (1, 9, 11),
(0, 10, 1), (0, 10, 2), (0, 10, 5), (0, 10, 4), (1, 10, 3), (0, 10, 6), (2, 10, 7), (2, 10, 8), (2, 10, 9), (1, 10, 10), (2, 10, 11);

-- Question 4 Answers
INSERT INTO answers (id, answer_text, question_id) VALUES
(11, 'Создание популярных и удобных цифровых продуктов, которые будут использовать миллионы людей', 4),
(12, 'Решение сложных исследовательских и аналитических задач, где нужна глубокая экспертиза', 4),
(13, 'Обеспечение надежности и безопасности критически важных систем (от сетей до промышленных объектов)', 4);

INSERT INTO answer_scores (score, answer_id, direction_id) VALUES
(0, 11, 1), (2, 11, 2), (2, 11, 5), (2, 11, 4), (1, 11, 3), (0, 11, 6), (0, 11, 7), (0, 11, 8), (0, 11, 9), (0, 11, 10), (0, 11, 11),
(2, 12, 1), (1, 12, 2), (1, 12, 5), (1, 12, 4), (1, 12, 3), (2, 12, 6), (1, 12, 7), (1, 12, 8), (1, 12, 9), (2, 12, 10), (1, 12, 11),
(0, 13, 1), (0, 13, 2), (0, 13, 5), (0, 13, 4), (2, 13, 3), (2, 13, 6), (1, 13, 7), (1, 13, 8), (2, 13, 9), (2, 13, 10), (2, 13, 11);

-- Question 5 Answers
INSERT INTO answers (id, answer_text, question_id) VALUES
(14, 'Создание прототипов и быстрое тестирование идей (Agile, гибкие методологии)', 5),
(15, 'Детальное долгосрочное планирование и реализация по строгому плану (Waterfall)', 5),
(16, 'Научно-исследовательская работа с глубоким погружением в теорию', 5);

INSERT INTO answer_scores (score, answer_id, direction_id) VALUES
(0, 14, 1), (2, 14, 2), (2, 14, 5), (2, 14, 4), (1, 14, 3), (0, 14, 6), (0, 14, 7), (0, 14, 8), (0, 14, 9), (0, 14, 10), (0, 14, 11),
(1, 15, 1), (0, 15, 2), (0, 15, 5), (0, 15, 4), (1, 15, 3), (1, 15, 6), (2, 15, 7), (2, 15, 8), (2, 15, 9), (2, 15, 10), (2, 15, 11),
(2, 16, 1), (1, 16, 2), (1, 16, 5), (1, 16, 4), (0, 16, 3), (1, 16, 6), (0, 16, 7), (0, 16, 8), (0, 16, 9), (1, 16, 10), (0, 16, 11);

-- Question 6 Answers
INSERT INTO answers (id, answer_text, question_id) VALUES
(17, 'Новые языки программирования и фреймворки', 6),
(18, 'Математические теории и алгоритмы', 6),
(19, 'Архитектуру компьютеров, сетевые протоколы и аппаратное обеспечение', 6),
(20, 'Физические процессы и принципы работы механизмов', 6);

INSERT INTO answer_scores (score, answer_id, direction_id) VALUES
(0, 17, 1), (2, 17, 2), (2, 17, 5), (2, 17, 4), (1, 17, 3), (1, 17, 6), (0, 17, 7), (0, 17, 8), (0, 17, 9), (0, 17, 10), (0, 17, 11),
(2, 18, 1), (1, 18, 2), (1, 18, 5), (1, 18, 4), (0, 18, 3), (0, 18, 6), (0, 18, 7), (0, 18, 8), (0, 18, 9), (1, 18, 10), (0, 18, 11),
(0, 19, 1), (1, 19, 2), (0, 19, 5), (0, 19, 4), (2, 19, 3), (2, 19, 6), (2, 19, 7), (2, 19, 8), (1, 19, 9), (1, 19, 10), (1, 19, 11),
(0, 20, 1), (0, 20, 2), (0, 20, 5), (0, 20, 4), (0, 20, 3), (0, 20, 6), (1, 20, 7), (1, 20, 8), (2, 20, 9), (2, 20, 10), (2, 20, 11);

-- Question 7 Answers
INSERT INTO answers (id, answer_text, question_id) VALUES
(21, 'Архитектор - проектирую общую структуру системы', 7),
(22, 'Исследователь - ищу новые методы и подходы для решения задачи', 7),
(23, 'Инженер-разработчик - пишу код и реализую функционал', 7),
(24, 'Системный интегратор - настраиваю и соединяю разные компоненты в работающее целое', 7);

INSERT INTO answer_scores (score, answer_id, direction_id) VALUES
(1, 21, 1), (1, 21, 2), (2, 21, 5), (2, 21, 4), (1, 21, 3), (1, 21, 6), (1, 21, 7), (1, 21, 8), (1, 21, 9), (2, 21, 10), (1, 21, 11),
(2, 22, 1), (1, 22, 2), (1, 22, 5), (1, 22, 4), (1, 22, 3), (1, 22, 6), (0, 22, 7), (0, 22, 8), (0, 22, 9), (1, 22, 10), (0, 22, 11),
(1, 23, 1), (2, 23, 2), (2, 23, 5), (2, 23, 4), (1, 23, 3), (1, 23, 6), (0, 23, 7), (0, 23, 8), (0, 23, 9), (0, 23, 10), (0, 23, 11),
(0, 24, 1), (1, 24, 2), (0, 24, 5), (0, 24, 4), (2, 24, 3), (1, 24, 6), (2, 24, 7), (2, 24, 8), (2, 24, 9), (1, 24, 10), (2, 24, 11);

-- Question 8 Answers
INSERT INTO answers (id, answer_text, question_id) VALUES
(25, 'Разбираюсь на практике, методом проб и ошибок', 8),
(26, 'Изучаю теоретическую базу, ищу научные статьи и материалы', 8),
(27, 'Составляю четкий план действий, прежде чем что-либо делать', 8);

INSERT INTO answer_scores (score, answer_id, direction_id) VALUES
(0, 25, 1), (2, 25, 2), (2, 25, 5), (1, 25, 4), (1, 25, 3), (0, 25, 6), (1, 25, 7), (1, 25, 8), (1, 25, 9), (0, 25, 10), (1, 25, 11),
(2, 26, 1), (1, 26, 2), (1, 26, 5), (1, 26, 4), (1, 26, 3), (1, 26, 6), (0, 26, 7), (0, 26, 8), (0, 26, 9), (1, 26, 10), (0, 26, 11),
(1, 27, 1), (0, 27, 2), (1, 27, 5), (2, 27, 4), (1, 27, 3), (2, 27, 6), (2, 27, 7), (2, 27, 8), (2, 27, 9), (2, 27, 10), (2, 27, 11);

-- Question 9 Answers
INSERT INTO answers (id, answer_text, question_id) VALUES
(28, 'Участие в IT-хакатонах и соревнованиях по программированию', 9),
(29, 'Написание научных статей или углубленное изучение теории', 9),
(30, 'Сборка и пайка электронных устройств в лаборатории', 9),
(31, 'Настройка и администрирование компьютерных сетей', 9);

INSERT INTO answer_scores (score, answer_id, direction_id) VALUES
(1, 28, 1), (2, 28, 2), (2, 28, 5), (2, 28, 4), (1, 28, 3), (1, 28, 6), (0, 28, 7), (0, 28, 8), (0, 28, 9), (0, 28, 10), (0, 28, 11),
(2, 29, 1), (1, 29, 2), (1, 29, 5), (1, 29, 4), (0, 29, 3), (1, 29, 6), (0, 29, 7), (0, 29, 8), (0, 29, 9), (1, 29, 10), (0, 29, 11),
(0, 30, 1), (0, 30, 2), (0, 30, 5), (0, 30, 4), (1, 30, 3), (0, 30, 6), (2, 30, 7), (2, 30, 8), (2, 30, 9), (1, 30, 10), (2, 30, 11),
(0, 31, 1), (1, 31, 2), (0, 31, 5), (0, 31, 4), (2, 31, 3), (2, 31, 6), (1, 31, 7), (1, 31, 8), (1, 31, 9), (1, 31, 10), (1, 31, 11);

-- Question 10 Answers
INSERT INTO answers (id, answer_text, question_id) VALUES
(32, 'Дискретная математика, логика и теория алгоритмов', 10),
(33, 'Математический анализ, дифференциальные уравнения', 10),
(34, 'Теория вероятностей и математическая статистика', 10),
(35, 'Прикладная математика для решения инженерных задач', 10);

INSERT INTO answer_scores (score, answer_id, direction_id) VALUES
(2, 32, 1), (2, 32, 2), (2, 32, 5), (2, 32, 4), (1, 32, 3), (1, 32, 6), (0, 32, 7), (0, 32, 8), (0, 32, 9), (0, 32, 10), (0, 32, 11),
(2, 33, 1), (0, 33, 2), (0, 33, 5), (0, 33, 4), (0, 33, 3), (0, 33, 6), (1, 33, 7), (1, 33, 8), (2, 33, 9), (2, 33, 10), (1, 33, 11),
(2, 34, 1), (1, 34, 2), (1, 34, 5), (1, 34, 4), (0, 34, 3), (0, 34, 6), (0, 34, 7), (0, 34, 8), (0, 34, 9), (1, 34, 10), (0, 34, 11),
(1, 35, 1), (0, 35, 2), (0, 35, 5), (0, 35, 4), (0, 35, 3), (0, 35, 6), (2, 35, 7), (2, 35, 8), (2, 35, 9), (2, 35, 10), (2, 35, 11);

-- Question 11 Answers
INSERT INTO answers (id, answer_text, question_id) VALUES
(36, 'Разработчик в крупной IT-компании (Яндекс, VK и т.д.)', 11),
(37, 'Научный сотрудник или аналитик в исследовательском центре', 11),
(38, 'Специалист по кибербезопасности в банке или госструктуре', 11),
(39, 'Инженер-разработчик в области телекоммуникаций или электроники', 11),
(40, 'Специалист по автоматизации технологических процессов на производстве', 11);

INSERT INTO answer_scores (score, answer_id, direction_id) VALUES
(1, 36, 1), (2, 36, 2), (2, 36, 5), (2, 36, 4), (1, 36, 3), (1, 36, 6), (0, 36, 7), (0, 36, 8), (0, 36, 9), (0, 36, 10), (0, 36, 11),
(2, 37, 1), (1, 37, 2), (1, 37, 5), (1, 37, 4), (0, 37, 3), (1, 37, 6), (0, 37, 7), (0, 37, 8), (0, 37, 9), (1, 37, 10), (0, 37, 11),
(0, 38, 1), (0, 38, 2), (0, 38, 5), (0, 38, 4), (2, 38, 3), (2, 38, 6), (0, 38, 7), (0, 38, 8), (0, 38, 9), (0, 38, 10), (0, 38, 11),
(0, 39, 1), (0, 39, 2), (0, 39, 5), (0, 39, 4), (1, 39, 3), (0, 39, 6), (2, 39, 7), (2, 39, 8), (1, 39, 9), (1, 39, 10), (1, 39, 11),
(0, 40, 1), (0, 40, 2), (0, 40, 5), (0, 40, 4), (0, 40, 3), (0, 40, 6), (1, 40, 7), (1, 40, 8), (2, 40, 9), (2, 40, 10), (2, 40, 11);

-- Question 12 Answers
INSERT INTO answers (id, answer_text, question_id) VALUES
(41, 'Разработка архитектур нейронных сетей и моделей', 12),
(42, 'Применение готовых AI-решений для конкретных бизнес-задач', 12),
(43, 'Защита AI-систем от взлома и adversarial-атак', 12),
(44, 'Внедрение AI в системы управления роботами и автоматизированными комплексами', 12);

INSERT INTO answer_scores (score, answer_id, direction_id) VALUES
(2, 41, 1), (2, 41, 2), (1, 41, 5), (1, 41, 4), (0, 41, 3), (0, 41, 6), (0, 41, 7), (0, 41, 8), (0, 41, 9), (0, 41, 10), (0, 41, 11),
(1, 42, 1), (2, 42, 2), (2, 42, 5), (2, 42, 4), (0, 42, 3), (0, 42, 6), (0, 42, 7), (0, 42, 8), (0, 42, 9), (0, 42, 10), (0, 42, 11),
(1, 43, 1), (0, 43, 2), (0, 43, 5), (0, 43, 4), (2, 43, 3), (2, 43, 6), (0, 43, 7), (0, 43, 8), (0, 43, 9), (0, 43, 10), (0, 43, 11),
(0, 44, 1), (2, 44, 2), (0, 44, 5), (0, 44, 4), (0, 44, 3), (0, 44, 6), (1, 44, 7), (1, 44, 8), (2, 44, 9), (2, 44, 10), (2, 44, 11);

-- Question 13 Answers
INSERT INTO answers (id, answer_text, question_id) VALUES
(45, 'Обмен знаниями и совместное обучение', 13),
(46, 'Четкое разделение задач и ответственности', 13),
(47, 'Совместный мозговой штурм для генерации идей', 13);

INSERT INTO answer_scores (score, answer_id, direction_id) VALUES
(1, 45, 1), (1, 45, 2), (1, 45, 5), (1, 45, 4), (1, 45, 3), (1, 45, 6), (1, 45, 7), (1, 45, 8), (1, 45, 9), (1, 45, 10), (1, 45, 11),
(1, 46, 1), (1, 46, 2), (1, 46, 5), (1, 46, 4), (2, 46, 3), (2, 46, 6), (2, 46, 7), (2, 46, 8), (2, 46, 9), (2, 46, 10), (2, 46, 11),
(2, 47, 1), (2, 47, 2), (2, 47, 5), (2, 47, 4), (1, 47, 3), (1, 47, 6), (0, 47, 7), (0, 47, 8), (0, 47, 9), (1, 47, 10), (0, 47, 11);

-- Question 14 Answers
INSERT INTO answers (id, answer_text, question_id) VALUES
(48, 'Пользовательские приложения (мобильные, десктопные, веб)', 14),
(49, 'Системные библиотеки, драйверы, низкоуровневое ПО', 14),
(50, 'Алгоритмические ядра и модули анализа данных', 14),
(51, 'Программное обеспечение для встроенных систем и микроконтроллеров', 14);

INSERT INTO answer_scores (score, answer_id, direction_id) VALUES
(0, 48, 1), (2, 48, 2), (2, 48, 5), (2, 48, 4), (0, 48, 3), (0, 48, 6), (0, 48, 7), (0, 48, 8), (0, 48, 9), (0, 48, 10), (0, 48, 11),
(1, 49, 1), (1, 49, 2), (0, 49, 5), (0, 49, 4), (2, 49, 3), (1, 49, 6), (2, 49, 7), (2, 49, 8), (1, 49, 9), (1, 49, 10), (1, 49, 11),
(2, 50, 1), (1, 50, 2), (1, 50, 5), (1, 50, 4), (0, 50, 3), (0, 50, 6), (0, 50, 7), (0, 50, 8), (0, 50, 9), (1, 50, 10), (0, 50, 11),
(0, 51, 1), (0, 51, 2), (0, 51, 5), (0, 51, 4), (1, 51, 3), (0, 51, 6), (2, 51, 7), (2, 51, 8), (2, 51, 9), (2, 51, 10), (2, 51, 11);

-- Question 15 Answers
INSERT INTO answers (id, answer_text, question_id) VALUES
(52, 'Творческая свобода и возможность экспериментировать', 15),
(53, 'Стабильность, четкие требования и процессы', 15),
(54, 'Высокий доход и востребованность на рынке труда', 15);

INSERT INTO answer_scores (score, answer_id, direction_id) VALUES
(2, 52, 1), (1, 52, 2), (1, 52, 5), (1, 52, 4), (0, 52, 3), (0, 52, 6), (0, 52, 7), (0, 52, 8), (0, 52, 9), (0, 52, 10), (0, 52, 11),
(0, 53, 1), (1, 53, 2), (1, 53, 5), (1, 53, 4), (2, 53, 3), (2, 53, 6), (2, 53, 7), (2, 53, 8), (2, 53, 9), (2, 53, 10), (2, 53, 11),
(1, 54, 1), (2, 54, 2), (2, 54, 5), (2, 54, 4), (1, 54, 3), (2, 54, 6), (1, 54, 7), (1, 54, 8), (1, 54, 9), (1, 54, 10), (1, 54, 11);